Workbook

Sheet Dashboard
A1: Student Fee and Scholarship Dashboard
A3: Total Students | E3: Total Fees (Rs) | I3: Total Scholarship (Rs) | M3: Scholarship % of Fees
A4: =Summary!B24 -> 100 | E4: =Summary!D24 -> 11267000 | I4: =Summary!E24 -> 2178000 | M4: =Summary!E24/Summary!D24 -> 0.19330789

Sheet Student Detail
A1: Sr no. | B1: Student ID | C1: Student Name | D1: Gender | E1: Email | F1: Age | G1: Phone | H1: Study Year | I1: Location | J1: Course | K1: Full Fees | L1: Installments | M1: Full Paid | N1: Admission Date | O1: Scholarship Status | P1: Scholarship Amount
A2: 1 | B2: 1039 | C2: Aarav Sharma | D2: Male | E2: aarav.sharma@gmail.com | F2: 24 | G2: 48372615 | H2: 14 | I2: Mumbai | J2: Data Analytics | K2: 95000 | L2: 0 | M2: =IF(L2<2,"yes","no") -> yes | N2: 45824 | O2: Yes | P2: 20000
A3: 2 | B3: 1007 | C3: Vihaan Patel | D3: Male | E3: vihaan.patel@gmail.com | F3: 18 | G3: 91736482 | H3: 12 | I3: Pune | J3: Computer Science | K3: 110000 | L3: 3 | M3: =IF(L3<2,"yes","no") -> no | N3: 45824 | O3: Yes | P3: 25000
A4: 3 | B4: 1078 | C4: Aditya Verma | D4: Male | E4: aditya.verma@gmail.com | F4: 22 | G4: 65829174 | H4: 14 | I4: Thane | J4: Business Administration | K4: 85000 | L4: 3 | M4: =IF(L4<2,"yes","no") -> no | N4: 45825 | O4: No | P4: 0
A5: 4 | B5: 1070 | C5: Arjun Singh | D5: Male | E5: arjun.singh@gmail.com | F5: 21 | G5: 27491836 | H5: 14 | I5: Nashik | J5: Mechanical Engineering | K5: 120000 | L5: 3 | M5: =IF(L5<2,"yes","no") -> no | N5: 45825 | O5: Yes | P5: 30000
A6: 5 | B6: 1003 | C6: Rohan Mehta | D6: Male | E6: rohan.mehta@gmail.com | F6: 20 | G6: 80573641 | H6: 13 | I6: Nagpur | J6: Civil Engineering | K6: 115000 | L6: 3 | M6: =IF(L6<2,"yes","no") -> no | N6: 45826 | O6: No | P6: 0
A7: 6 | B7: 1043 | C7: Rahul Gupta | D7: Male | E7: rahul.gupta@gmail.com | F7: 20 | G7: 19384756 | H7: 11 | I7: Aurangabad | J7: Electrical Engineering | K7: 118000 | L7: 2 | M7: =IF(L7<2,"yes","no") -> no | N7: 45826 | O7: Yes | P7: 25000
A8: 7 | B8: 1093 | C8: Karan Yadav | D8: Male | E8: karan.yadav@gmail.com | F8: 23 | G8: 74628195 | H8: 12 | I8: Kolhapur | J8: Information Technology | K8: 105000 | L8: 3 | M8: =IF(L8<2,"yes","no") -> no | N8: 45826 | O8: Yes | P8: 20000
A9: 8 | B9: 1022 | C9: Aman Mishra | D9: Male | E9: aman.mishra@gmail.com | F9: 25 | G9: 52837461 | H9: 12 | I9: Navi Mumbai | J9: Artificial Intelligence | K9: 130000 | L9: 3 | M9: =IF(L9<2,"yes","no") -> no | N9: 45827 | O9: Yes | P9: 35000
A10: 9 | B10: 1009 | C10: Vivek Tiwari | D10: Male | E10: vivek.tiwari@gmail.com | F10: 19 | G10: 86421937 | H10: 14 | I10: Kalyan | J10: Machine Learning | K10: 135000 | L10: 3 | M10: =IF(L10<2,"yes","no") -> no | N10: 45827 | O10: Yes | P10: 35000
A11: 10 | B11: 1064 | C11: Siddharth Jain | D11: Male | E11: siddharth.jain@gmail.com | F11: 20 | G11: 31578264 | H11: 11 | I11: Vasai | J11: Cyber Security | K11: 125000 | L11: 2 | M11: =IF(L11<2,"yes","no") -> no | N11: 45828 | O11: Yes | P11: 30000
A12: 11 | B12: 1094 | C12: Neha Sharma | D12: Female | E12: neha.sharma@gmail.com | F12: 18 | G12: 90746381 | H12: 12 | I12: Mumbai | J12: Software Engineering | K12: 115000 | L12: 3 | M12: =IF(L12<2,"yes","no") -> no | N12: 45828 | O12: Yes | P12: 25000
A13: 12 | B13: 1081 | C13: Priya Verma | D13: Female | E13: priya.verma@gmail.com | F13: 21 | G13: 48192635 | H13: 14 | I13: Pune | J13: Cloud Computing | K13: 120000 | L13: 3 | M13: =IF(L13<2,"yes","no") -> no | N13: 45828 | O13: Yes | P13: 20000
... A101: 100 | B101: 1016 | C101: Shruti Bhatia | D101: Female | E101: shruti.bhatia@gmail.com | F101: 23 | G101: 95876221 | H101: 11 | I101: Nagpur | J101: Digital Marketing | K101: 80000 | L101: 2 | M101: =IF(L101<2,"yes","no") -> no | N101: 45873 | O101: Yes | P101: 0

Sheet Summary
A1: Course-wise Fee and Scholarship Summary | K1: Students by Location
A3: Course | B3: Students | C3: Full Fee per Student | D3: Total Fees | E3: Scholarship Amount | F3: Net Fees | G3: 1st Installment | H3: 2nd Installment | I3: 3rd Installment | K3: Location | L3: Students
A4: Accounting | B4: =COUNTIF('Student Detail'!$J$2:$J$101,A4) -> 1 | C4: =AVERAGEIF('Student Detail'!$J$2:$J$101,A4,'Student Detail'!$K$2:$K$101) -> 75000 | D4: =SUMIF('Student Detail'!$J$2:$J$101,A4,'Student Detail'!$K$2:$K$101) -> 75000 | E4: =SUMIF('Student Detail'!$J$2:$J$101,A4,'Student Detail'!$P$2:$P$101) -> 0 | F4: =D4-E4 -> 75000 | G4: =C4/3 -> 25000 | H4: =C4/3 -> 25000 | I4: =C4/3 -> 25000 | K4: Aurangabad | L4: =COUNTIF('Student Detail'!$I$2:$I$101,K4) -> 9
A5: Artificial Intelligence | B5: =COUNTIF('Student Detail'!$J$2:$J$101,A5) -> 11 | C5: =AVERAGEIF('Student Detail'!$J$2:$J$101,A5,'Student Detail'!$K$2:$K$101) -> 130000 | D5: =SUMIF('Student Detail'!$J$2:$J$101,A5,'Student Detail'!$K$2:$K$101) -> 1430000 | E5: =SUMIF('Student Detail'!$J$2:$J$101,A5,'Student Detail'!$P$2:$P$101) -> 385000 | F5: =D5-E5 -> 1045000 | G5: =C5/3 -> 43333.333 | H5: =C5/3 -> 43333.333 | I5: =C5/3 -> 43333.333 | K5: Kalyan | L5: =COUNTIF('Student Detail'!$I$2:$I$101,K5) -> 9
A6: Business Administration | B6: =COUNTIF('Student Detail'!$J$2:$J$101,A6) -> 4 | C6: =AVERAGEIF('Student Detail'!$J$2:$J$101,A6,'Student Detail'!$K$2:$K$101) -> 85000 | D6: =SUMIF('Student Detail'!$J$2:$J$101,A6,'Student Detail'!$K$2:$K$101) -> 340000 | E6: =SUMIF('Student Detail'!$J$2:$J$101,A6,'Student Detail'!$P$2:$P$101) -> 0 | F6: =D6-E6 -> 340000 | G6: =C6/3 -> 28333.333 | H6: =C6/3 -> 28333.333 | I6: =C6/3 -> 28333.333 | K6: Kolhapur | L6: =COUNTIF('Student Detail'!$I$2:$I$101,K6) -> 9
A7: Civil Engineering | B7: =COUNTIF('Student Detail'!$J$2:$J$101,A7) -> 6 | C7: =AVERAGEIF('Student Detail'!$J$2:$J$101,A7,'Student Detail'!$K$2:$K$101) -> 115000 | D7: =SUMIF('Student Detail'!$J$2:$J$101,A7,'Student Detail'!$K$2:$K$101) -> 690000 | E7: =SUMIF('Student Detail'!$J$2:$J$101,A7,'Student Detail'!$P$2:$P$101) -> 0 | F7: =D7-E7 -> 690000 | G7: =C7/3 -> 38333.333 | H7: =C7/3 -> 38333.333 | I7: =C7/3 -> 38333.333 | K7: Mumbai | L7: =COUNTIF('Student Detail'!$I$2:$I$101,K7) -> 11
A8: Cloud Computing | B8: =COUNTIF('Student Detail'!$J$2:$J$101,A8) -> 5 | C8: =AVERAGEIF('Student Detail'!$J$2:$J$101,A8,'Student Detail'!$K$2:$K$101) -> 120000 | D8: =SUMIF('Student Detail'!$J$2:$J$101,A8,'Student Detail'!$K$2:$K$101) -> 600000 | E8: =SUMIF('Student Detail'!$J$2:$J$101,A8,'Student Detail'!$P$2:$P$101) -> 100000 | F8: =D8-E8 -> 500000 | G8: =C8/3 -> 40000 | H8: =C8/3 -> 40000 | I8: =C8/3 -> 40000 | K8: Nagpur | L8: =COUNTIF('Student Detail'!$I$2:$I$101,K8) -> 11
A9: Computer Science | B9: =COUNTIF('Student Detail'!$J$2:$J$101,A9) -> 3 | C9: =AVERAGEIF('Student Detail'!$J$2:$J$101,A9,'Student Detail'!$K$2:$K$101) -> 110000 | D9: =SUMIF('Student Detail'!$J$2:$J$101,A9,'Student Detail'!$K$2:$K$101) -> 330000 | E9: =SUMIF('Student Detail'!$J$2:$J$101,A9,'Student Detail'!$P$2:$P$101) -> 75000 | F9: =D9-E9 -> 255000 | G9: =C9/3 -> 36666.667 | H9: =C9/3 -> 36666.667 | I9: =C9/3 -> 36666.667 | K9: Nashik | L9: =COUNTIF('Student Detail'!$I$2:$I$101,K9) -> 11
A10: Cyber Security | B10: =COUNTIF('Student Detail'!$J$2:$J$101,A10) -> 11 | C10: =AVERAGEIF('Student Detail'!$J$2:$J$101,A10,'Student Detail'!$K$2:$K$101) -> 125000 | D10: =SUMIF('Student Detail'!$J$2:$J$101,A10,'Student Detail'!$K$2:$K$101) -> 1375000 | E10: =SUMIF('Student Detail'!$J$2:$J$101,A10,'Student Detail'!$P$2:$P$101) -> 330000 | F10: =D10-E10 -> 1045000 | G10: =C10/3 -> 41666.667 | H10: =C10/3 -> 41666.667 | I10: =C10/3 -> 41666.667 | K10: Navi Mumbai | L10: =COUNTIF('Student Detail'!$I$2:$I$101,K10) -> 9
A11: Data Analytics | B11: =COUNTIF('Student Detail'!$J$2:$J$101,A11) -> 3 | C11: =AVERAGEIF('Student Detail'!$J$2:$J$101,A11,'Student Detail'!$K$2:$K$101) -> 95000 | D11: =SUMIF('Student Detail'!$J$2:$J$101,A11,'Student Detail'!$K$2:$K$101) -> 285000 | E11: =SUMIF('Student Detail'!$J$2:$J$101,A11,'Student Detail'!$P$2:$P$101) -> 60000 | F11: =D11-E11 -> 225000 | G11: =C11/3 -> 31666.667 | H11: =C11/3 -> 31666.667 | I11: =C11/3 -> 31666.667 | K11: Pune | L11: =COUNTIF('Student Detail'!$I$2:$I$101,K11) -> 11
A12: Digital Marketing | B12: =COUNTIF('Student Detail'!$J$2:$J$101,A12) -> 5 | C12: =AVERAGEIF('Student Detail'!$J$2:$J$101,A12,'Student Detail'!$K$2:$K$101) -> 80000 | D12: =SUMIF('Student Detail'!$J$2:$J$101,A12,'Student Detail'!$K$2:$K$101) -> 400000 | E12: =SUMIF('Student Detail'!$J$2:$J$101,A12,'Student Detail'!$P$2:$P$101) -> 0 | F12: =D12-E12 -> 400000 | G12: =C12/3 -> 26666.667 | H12: =C12/3 -> 26666.667 | I12: =C12/3 -> 26666.667 | K12: Thane | L12: =COUNTIF('Student Detail'!$I$2:$I$101,K12) -> 11
A13: Economics | B13: =COUNTIF('Student Detail'!$J$2:$J$101,A13) -> 3 | C13: =AVERAGEIF('Student Detail'!$J$2:$J$101,A13,'Student Detail'!$K$2:$K$101) -> 70000 | D13: =SUMIF('Student Detail'!$J$2:$J$101,A13,'Student Detail'!$K$2:$K$101) -> 210000 | E13: =SUMIF('Student Detail'!$J$2:$J$101,A13,'Student Detail'!$P$2:$P$101) -> 45000 | F13: =D13-E13 -> 165000 | G13: =C13/3 -> 23333.333 | H13: =C13/3 -> 23333.333 | I13: =C13/3 -> 23333.333 | K13: Vasai | L13: =COUNTIF('Student Detail'!$I$2:$I$101,K13) -> 9
A14: Electrical Engineering | B14: =COUNTIF('Student Detail'!$J$2:$J$101,A14) -> 7 | C14: =AVERAGEIF('Student Detail'!$J$2:$J$101,A14,'Student Detail'!$K$2:$K$101) -> 118000 | D14: =SUMIF('Student Detail'!$J$2:$J$101,A14,'Student Detail'!$K$2:$K$101) -> 826000 | E14: =SUMIF('Student Detail'!$J$2:$J$101,A14,'Student Detail'!$P$2:$P$101) -> 175000 | F14: =D14-E14 -> 651000 | G14: =C14/3 -> 39333.333 | H14: =C14/3 -> 39333.333 | I14: =C14/3 -> 39333.333 | K14: Total | L14: =SUM(L4:L13) -> 100
A15: Finance | B15: =COUNTIF('Student Detail'!$J$2:$J$101,A15) -> 3 | C15: =AVERAGEIF('Student Detail'!$J$2:$J$101,A15,'Student Detail'!$K$2:$K$101) -> 90000 | D15: =SUMIF('Student Detail'!$J$2:$J$101,A15,'Student Detail'!$K$2:$K$101) -> 270000 | E15: =SUMIF('Student Detail'!$J$2:$J$101,A15,'Student Detail'!$P$2:$P$101) -> 0 | F15: =D15-E15 -> 270000 | G15: =C15/3 -> 30000 | H15: =C15/3 -> 30000 | I15: =C15/3 -> 30000
A16: Graphic Design | B16: =COUNTIF('Student Detail'!$J$2:$J$101,A16) -> 1 | C16: =AVERAGEIF('Student Detail'!$J$2:$J$101,A16,'Student Detail'!$K$2:$K$101) -> 88000 | D16: =SUMIF('Student Detail'!$J$2:$J$101,A16,'Student Detail'!$K$2:$K$101) -> 88000 | E16: =SUMIF('Student Detail'!$J$2:$J$101,A16,'Student Detail'!$P$2:$P$101) -> 0 | F16: =D16-E16 -> 88000 | G16: =C16/3 -> 29333.333 | H16: =C16/3 -> 29333.333 | I16: =C16/3 -> 29333.333 | K16: Fee Payment Status
A17: Hotel Management | B17: =COUNTIF('Student Detail'!$J$2:$J$101,A17) -> 1 | C17: =AVERAGEIF('Student Detail'!$J$2:$J$101,A17,'Student Detail'!$K$2:$K$101) -> 98000 | D17: =SUMIF('Student Detail'!$J$2:$J$101,A17,'Student Detail'!$K$2:$K$101) -> 98000 | E17: =SUMIF('Student Detail'!$J$2:$J$101,A17,'Student Detail'!$P$2:$P$101) -> 20000 | F17: =D17-E17 -> 78000 | G17: =C17/3 -> 32666.667 | H17: =C17/3 -> 32666.667 | I17: =C17/3 -> 32666.667 | K17: Status | L17: Students
A18: Human Resource Management | B18: =COUNTIF('Student Detail'!$J$2:$J$101,A18) -> 1 | C18: =AVERAGEIF('Student Detail'!$J$2:$J$101,A18,'Student Detail'!$K$2:$K$101) -> 82000 | D18: =SUMIF('Student Detail'!$J$2:$J$101,A18,'Student Detail'!$K$2:$K$101) -> 82000 | E18: =SUMIF('Student Detail'!$J$2:$J$101,A18,'Student Detail'!$P$2:$P$101) -> 15000 | F18: =D18-E18 -> 67000 | G18: =C18/3 -> 27333.333 | H18: =C18/3 -> 27333.333 | I18: =C18/3 -> 27333.333 | K18: Full fees paid | L18: =COUNTIF('Student Detail'!$M$2:$M$101,"yes") -> 14
A19: Information Technology | B19: =COUNTIF('Student Detail'!$J$2:$J$101,A19) -> 7 | C19: =AVERAGEIF('Student Detail'!$J$2:$J$101,A19,'Student Detail'!$K$2:$K$101) -> 105000 | D19: =SUMIF('Student Detail'!$J$2:$J$101,A19,'Student Detail'!$K$2:$K$101) -> 735000 | E19: =SUMIF('Student Detail'!$J$2:$J$101,A19,'Student Detail'!$P$2:$P$101) -> 140000 | F19: =D19-E19 -> 595000 | G19: =C19/3 -> 35000 | H19: =C19/3 -> 35000 | I19: =C19/3 -> 35000 | K19: Installment / pending | L19: =COUNTIF('Student Detail'!$M$2:$M$101,"no") -> 86
A20: Machine Learning | B20: =COUNTIF('Student Detail'!$J$2:$J$101,A20) -> 11 | C20: =AVERAGEIF('Student Detail'!$J$2:$J$101,A20,'Student Detail'!$K$2:$K$101) -> 135000 | D20: =SUMIF('Student Detail'!$J$2:$J$101,A20,'Student Detail'!$K$2:$K$101) -> 1485000 | E20: =SUMIF('Student Detail'!$J$2:$J$101,A20,'Student Detail'!$P$2:$P$101) -> 385000 | F20: =D20-E20 -> 1100000 | G20: =C20/3 -> 45000 | H20: =C20/3 -> 45000 | I20: =C20/3 -> 45000
A21: Mechanical Engineering | B21: =COUNTIF('Student Detail'!$J$2:$J$101,A21) -> 6 | C21: =AVERAGEIF('Student Detail'!$J$2:$J$101,A21,'Student Detail'!$K$2:$K$101) -> 120000 | D21: =SUMIF('Student Detail'!$J$2:$J$101,A21,'Student Detail'!$K$2:$K$101) -> 720000 | E21: =SUMIF('Student Detail'!$J$2:$J$101,A21,'Student Detail'!$P$2:$P$101) -> 180000 | F21: =D21-E21 -> 540000 | G21: =C21/3 -> 40000 | H21: =C21/3 -> 40000 | I21: =C21/3 -> 40000 | K21: Scholarship Status
A22: Psychology | B22: =COUNTIF('Student Detail'!$J$2:$J$101,A22) -> 1 | C22: =AVERAGEIF('Student Detail'!$J$2:$J$101,A22,'Student Detail'!$K$2:$K$101) -> 78000 | D22: =SUMIF('Student Detail'!$J$2:$J$101,A22,'Student Detail'!$K$2:$K$101) -> 78000 | E22: =SUMIF('Student Detail'!$J$2:$J$101,A22,'Student Detail'!$P$2:$P$101) -> 18000 | F22: =D22-E22 -> 60000 | G22: =C22/3 -> 26000 | H22: =C22/3 -> 26000 | I22: =C22/3 -> 26000 | K22: Status | L22: Students
A23: Software Engineering | B23: =COUNTIF('Student Detail'!$J$2:$J$101,A23) -> 10 | C23: =AVERAGEIF('Student Detail'!$J$2:$J$101,A23,'Student Detail'!$K$2:$K$101) -> 115000 | D23: =SUMIF('Student Detail'!$J$2:$J$101,A23,'Student Detail'!$K$2:$K$101) -> 1150000 | E23: =SUMIF('Student Detail'!$J$2:$J$101,A23,'Student Detail'!$P$2:$P$101) -> 250000 | F23: =D23-E23 -> 900000 | G23: =C23/3 -> 38333.333 | H23: =C23/3 -> 38333.333 | I23: =C23/3 -> 38333.333 | K23: With scholarship | L23: =COUNTIF('Student Detail'!$O$2:$O$101,"Yes") -> 81
A24: Total | B24: =SUM(B4:B23) -> 100 | D24: =SUM(D4:D23) -> 11267000 | E24: =SUM(E4:E23) -> 2178000 | F24: =SUM(F4:F23) -> 9089000 | K24: Without scholarship | L24: =COUNTIF('Student Detail'!$O$2:$O$101,"No") -> 19
A26: Note: Summary tables use formulas (COUNTIF, SUMIF, AVERAGEIF) on the Student Detail sheet and update when the data changes. Dataset is self-created sample data. | K26: Gender
K27: Gender | L27: Students
K28: Male | L28: =COUNTIF('Student Detail'!$D$2:$D$101,"Male") -> 63
K29: Female | L29: =COUNTIF('Student Detail'!$D$2:$D$101,"Female") -> 37
